(stop - start) * cost.,(Stop - Start) * Kosten.
$,$
A brief description of the box,Eine kurze Beschreibung der Box
About,Über
Accept,Akzeptieren
Accept Bribe?,Bestechung annehmen?
Accept this bribe?,Diese Bestechung annehmen?
Accepted,Akzeptiert
Accepted / In Jail,Akzeptiert / Im Gefängnis
Access,Zugriff
Account Locked!,Konto gesperrt!
Account Password,Konto Passwort
Active Bots,Aktive Bots
Add,Hinzufügen
Add,Hinzufügen
add,hinzufügen
Add a Category for Boxes.,Fügen Sie eine Kategorie für Boxen hinzu.
Add Flags,Flaggen hinzufügen
Add Hint,Hinweis hinzufügen
Add IP address,IP-Adresse hinzufügen
Add IP Address,IP-Adresse hinzufügen
add some,hinzufügen einiger
Add Source Code,Quellcode hinzufügen
Add Source Code to Market,Quellcode zum Markt hinzufügen
Add to Market,Zum Markt hinzufügen
Address,Adresse
Admin,Administrator
Admin Home,Admin-Startseite
Admin Message,Admin-Nachricht
Admin Notes,Admin-Hinweise
Administrator Panel,Administrator Panel
Admins,Admins
All Notifications,Alle Benachrichtigungen
"Allows your team access to the Source Code Black Market where you can purchase leaked source code for certain target boxes.","Erlaubt ihrem Team Zugriff auf den Quellcode-Schwarzmarkt, welcher es ihnen erlaubt durchgesickerte Quellcodes für bestimmtes Ziele zu kaufen."
Allows your team to upgrade their password hashes to more secure algorithms such as SHA1, and SHA256.,Erlaubt ihrem Team ihre Passwort-Hashes auf einen sichereren Algorithmus wie z.B. SHA1 und SHA256 zu aktualiseren.
and logos in export.,und Logos im Export.
and so on,und so weiter
Apply penalty on attempt,Bestrafung beim Versuch
Are you a Cylon?,Bist du ein Zylon?
Are You Elite,Bist du Elite?
Are you sure you want to buy this code?,Möchten Sie diesen Code wirklich kaufen?
Are you sure you want to delete this box?,Möchten Sie diese Box wirklich löschen?
Are you sure you want to delete this category?,Möchten Sie diese Kategorie wirklich löschen?
Are you sure you want to delete this corporation?,Möchten Sie diese Firma wirklich löschen?
Are you sure you want to delete this file?,Möchten Sie diese Datei wirklich löschen?
Are you sure you want to delete this flag?,Möchten Sie diese Flagge wirklich löschen?
Are you sure you want to delete this game level?,"Sind Sie sicher, dass Sie diese Spielstufe löschen möchten?"
Are you sure you want to delete this hint?,Möchten Sie diesen Hinweis wirklich löschen?
Are you sure you want to delete this IP address?,Möchten Sie diese IP-Adresse wirklich löschen?
Are you sure you want to delete this source code?,Möchten Sie diesen Quellcode wirklich löschen?
Are you sure you want to delete this user?,Möchten Sie diesen Benutzer wirklich löschen?
Are you sure you want to delete?,"Sind Sie sicher, dass Sie löschen möchten?"
Arrest Player,Spieler verhaften
attempt,Versuch
attempt and continue until the,versuchen und fortfahren bis zum
Attempts,Versuche
Authenticate,Authentifizieren
Authentication Failure,Authentifizierungsfehler
Authentication Required,Authentifizierung erforderlich
Automatic Ban,Automatisches Verbot
Available,Verfügbar
Avatar,Benutzerbild
Backup/Restore,Backup wiederherstellen
Ban IP Address,IP-Adresse sperren
Bank Account,Bankkonto
Bank Account Balance,Kontostand
Bank Hash Algorithm,Bank-Hash-Algorithmus
Bank Password,Bankkennwort
Bank Password Hash,Bankwachtwoord Hash
Bank Password Length,Länge des Bankkennworts
Banking System,Bankensystem
Banned IPs,Gebannte IPs
BEGIN SECURE COMMUNIQUE,BEGINN SICHERER KOMMUNIKATION
Black Market,Schwarzmarkt
Bonus reward for those that complete the level.,"Bonusbelohnung für diejenigen, die das Level abschließen."
Bot,Bot
Bot added,Bot fügte hinzu
Bot Reward,Bot Belohnung
Botnet,Botnet
Botnet Command & Control,Botnet Command & Control
Botnet Monitor,Botnet-Monitor
Botnet Scored,Botnet erzielt
Botnets,Botnetze
Bots,Bots
Box,Box
Box Difficulty,Box-Schwierigkeit
Box Hints,Box Hinweise
Box Hints Taken,Genommene Box Hinweise
Box Name,Name der Box
Boxes,Boxen
Bribe,Bestechung
Bribe Amount,Bestechungsgeld
Bribe History,Bestechungsgeld Historie
Bribe Pending,Bestechung ausstehend
Bribe Price,Bestechungspreis
Bribes in Progress,Laufende Bestechungen
Buy,Kaufen
Buy Source Code,Quellcode kaufen
Buy Upgrade,Upgrade kaufen
bytes,Bytes
Capture Message,Eroberungsnachricht
Capture Rate,Eroberungsrate
Captures,Eroberungen
Case-Sensitive,Groß- und Kleinschreibung beachten
Cash Stolen,Gestohlenes Bargeld
Categories,Kategorien
Category,Kategorie
Category box belongs too?,"Kategorie, der die Box auch angehört?"
Category Name,Name der Kategorie
Change,Ändern
Change Avatar,Avatar ändern
Characters,Zeichen
Charts,Diagramme
Chat,Chatten
Checksum,Prüfsumme
Choose,Auswählen
Choose a name for your new team!,Wählen Sie einen Namen für Ihr neues Team!
Choose Avatar,Wähle Avatar
Classic,Klassisch
Clear,klar
Clear all notifications and game history,Lösche alle Benachrichtigungen und den Spielverlauf
Clear all team / player flag captures,Lösche alle Team- / Spieler-Flaggeneroberungen
Clear all team pastebin and file shares,Deaktivieren Sie alle Team-Pastebin- und Dateifreigaben
Clear market items or source code purchases,Markteinzelteile oder Quellcodeeinkäufe löschen
Click here to login,"Klicken Sie hier, um sich einzuloggen"
Close,Schließen
Command & Control,Befehl & Kontrolle
Complete,Abschließen
Complete Bribe,Bestechung abschließen
Complete this bribe?,Diese Bestechung abschließen?
Completed,Abgeschlossen
Completed Bribes,Abgeschlossene Bestechungen
Completion Message,Abschlussnachricht
completion of Level,Abschluss des Levels
Completion Reward,Abschlussbelohnung
configuration,Konfiguration
Configuration,Konfiguration
Confirm,Bestätigen
Confirm Account Password,Bestätigen Sie das Konto-Passwort
Confirm New Password,Bestätigen Sie das neue Passwort
Confirm Password,Passwort bestätigen
Content,Inhalt
Content Missing,Inhalt fehlt
Corporation,Konzern
Corporation box belongs too?,"Konzern, zu dem die Box auch gehört?"
Corporation Name,Konzernname
Corporations,Konzerne
Cost,Kosten
Cost to open this level and see flags,"Kosten, um dieses Level zu öffnen und Flaggen zu sehen"
Cracked by,Geknackt von
Create,Erstellen
Create Box,Box erstellen
Create Category,Kategorie erstellen
Create Corporation,Konzern erstellen
Create Datetime Flag,Datum / Uhrzeit-Flagge erstellen
Create File Flag,Datei-Flagge erstellen
Create Flag,Flagge erstellen
Create Game Level,Spiellevel erstellen
Create Hint,Hinweis erstellen
Create Message,Nachricht erstellen
Create Multiple Choice Flag,Multiple-Choice-Flagge erstellen
Create New Paste,Neuen Paste erstellen
Create Notification,Benachrichtigung erstellen
Create Regex Flag,Regex-Flagge erstellen
Create Static Flag,Statische Flagge erstellen
Create Team,Team erstellen
Created,Erstellt
Current algorithm,Aktueller Algorithmus
Current Bank Account Password,Aktuelles Bankkonto-Passwort
Current Bank Password,Aktuelles Bankkennwort
Current Level,Aktuelles Level
Current Level,Aktuelles Level
CyberChef,CyberChef
Data Points,Datenpunkte
Date,Datum
Datetime Flag,Datum / Uhrzeit-Flagge
Datetime Token,Datum / Uhrzeit-Token
DEBUG,DEBUGGEN
Decline,Ablehnen
Decline Bribe?,Bestechung ablehnen?
Decline this bribe?,Diese Bestechung ablehnen?
Declined,Abgelehnt
Decrease All Captures,Verlaag alle vastleggingen
Decrease flag reward by this percent per capture.,Verringere die Flaggenbelohnung um diesen Prozentsatz pro Eroberung.
Decrease flag until it reaches this minimum value.,Vlag verkleinen totdat deze minimumwaarde is bereikt.
Decrease Future Captures,Verlaag toekomstige vastleggingen
Decreases the flag value for future captures - this method rewards speed of capture.,Verlaagt de vlagwaarde voor toekomstige opnamen - deze methode beloont de snelheid van opname.
Decreases the flag value for past and future team captures - this method rewards difficulty.,Verlaagt de vlagwaarde voor het vastleggen van teamleden in het verleden en de toekomst - deze methode beloont moeilijkheid.
deduct on & after,Abzug bei & nach
defaults to,Standardeinstellung ist
Delete,Löschen
Delete Box,Box löschen
Delete Category,Kategorie löschen
Delete Corporation,Konzern löschen
Delete File Upload,Datei-Upload löschen
Delete Flag,Flagge löschen
Delete Game Level,Spiellevel löschen
Delete Hint,Hinweis löschen
Delete IP Address,IP-Adresse löschen
Delete Player,Spieler löschen
Delete Source Code,Quellcode löschen
Delete Team,Team löschen
Delete User,Benutzer löschen
Dependent Flag,Abhängige Flagge
Description,Beschreibung
DESCRIPTION,BESCHREIBUNG
Details,Einzelheiten
Difficulty,Schwierigkeit
Difficulty Rating,Schwierigkeitsgrad
Disable,Deaktivieren
Disabling this option will skip the storyline and give the player an instant capture message.,"Wenn Sie diese Option deaktivieren, wird die Story übersprungen und der Spieler erhält eine sofortige Eroberungsnachricht."
Display Hints Taken,Genommene Hinweise anzeigen
Do not delete or modify community flags unless instructed. Do not attack other players unless outlined in the game goals.,"Community-Flaggen dürfen nur nach Anweisung gelöscht oder geändert werden. Andere Spieler dürfen nicht angegriffen werden, außer es ist in den Spielzielen angegeben."
Download,Herunterladen
Download File,Datei Herunterladen
Download the command line botnet monitor,Laden Sie den Kommandozeilen-Botnet-Monitor herunter
Dynamic Decay Type,Dynamisch vervaltype
Dynamic Scoring,Dynamisches Punkten
Each flag has a submit.  The player will choose the flag they intend to capture.,"Jede Flagge hat ein Submit. Der Spieler wählt die Flagge, die er erobern möchte."
"Each player will target challenges of varying difficulty and sophistication, attempting to collect flags and win glory.  Good luck!","Jeder Spieler visiert Herausforderungen unterschiedlicher Schwierigkeit und Rafinesse an und versucht, Flaggen zu sammeln und Ruhm zu erlangen. Viel Glück!"
Edit,Bearbeiten
Edit Access,Zugriff bearbeiten
Edit Account,Konto bearbeiten
Edit Box,Box bearbeiten
Edit Category,Kategorie bearbeiten
Edit Corporation,Konzern bearbeiten
Edit Flag,Flagge bearbeiten
Edit Flag,Flagge bearbeiten
Edit Game Level,Spiellevel bearbeiten
Edit Hint,Hinweis bearbeiten
Edit Level,Level bearbeiten
Edit Market Item,Markt-Gegenstand bearbeiten
Edit Player,Spieler bearbeiten
Edit Team,Team bearbeiten
Edit User,Benutzer bearbeiten
Email,Email
EMPTY,LEEREN
Enable,Aktivieren
"Enabling this feature will allow players to create their own teams during registration.  If this option is disabled, the admin must create teams for players to join.","Wenn Sie diese Funktion aktivieren, können die Spieler während der Registrierung ihre eigenen Teams erstellen. Wenn diese Option deaktiviert ist, muss der Administrator Teams erstellen, denen Spieler beitreten können."
Enabling this feature will allow players to share code (pastebin) and files in-game.  Disabling this feature will remove these options from the Tools Menu.,Durch Aktivieren dieser Funktion können Spieler Code (Pastebin) und Dateien im Spiel teilen. Durch Deaktivieren dieser Funktion werden diese Optionen aus dem Menü Extras entfernt.
"Enabling this feature will allow teams to purchase upgrades, such as the Federal Reserve, Source Code Market, or SWAT.","Wenn Sie diese Funktion aktivieren, können Teams Upgrades wie die Federal Reserve, den Source Code Market oder SWAT erwerben."
"Enabling this feature will allow the game to display flag or box capture messages that may be added. By default, the game follows the story line of Morris, an employer that assigns missions.","Durch Aktivieren dieser Funktion kann das Spiel Flaggen- oder Box-Capture-Meldungen anzeigen, die hinzugefügt werden können. Standardmäßig folgt das Spiel der Handlung von Morris, einem Arbeitgeber, der Missionen zuweist."
"Enabling this feature will apply a penalty for incorrect capture attempts.  The penalty is an instant deduction from the score, not a decrease in the flag value.","Durch Aktivieren dieser Funktion werden falsche Erfassungsversuche bestraft. Die Strafe ist ein sofortiger Abzug von der Punktzahl, keine Abnahme des Flaggenwerts."
"Enabling this feature will decrease the reward for a flag based on the number of captures.  If this option is disabled, the flag value remains consistent as other players capture it.","Durch Aktivieren dieser Funktion wird die Belohnung für ein Flag basierend auf der Anzahl der Erfassungen verringert. Wenn diese Option deaktiviert ist, bleibt der Flaggenwert konsistent, wenn andere Spieler ihn erfassen."
Enabling this feature will display the number of hints taken on the scoreboard by a team or player.  Useful when hints are free.  A lower hint count is used for sorting when scores or flags are equal.  Disabling this option will remove the hint count from the scoreboard.,"Wenn Sie diese Funktion aktivieren, wird die Anzahl der von einer Mannschaft oder einem Spieler auf der Anzeigetafel angezeigten Hinweise angezeigt. Nützlich, wenn Hinweise frei sind. Eine niedrigere Anzahl von Hinweisen wird zum Sortieren verwendet, wenn Punktzahlen oder Flags gleich sind. Wenn Sie diese Option deaktivieren, wird die Anzahl der Hinweise von der Anzeigetafel entfernt."
"Enabling this feature will display the player MVP scoreboard.  Any player that has contributed points to the team will be displayed.  If this option is disabled, the MVP Scoreboard will be hidden.","Wenn Sie diese Funktion aktivieren, wird die MVP-Anzeigetafel des Players angezeigt. Jeder Spieler, der Punkte für das Team beigesteuert hat, wird angezeigt. Wenn diese Option deaktiviert ist, wird die MVP-Anzeigetafel ausgeblendet."
Enabling this feature will require players to provide a valid registration token in order to create a new account.  Registration tokens are created in the admin interface.,"Wenn Sie diese Funktion aktivieren, müssen die Spieler einen gültigen Registrierungs-Token bereitstellen, um ein neues Konto zu erstellen. Registrierungstoken werden in der Administrationsoberfläche erstellt."
Enabling this feature will require players to provide an email address in order to create a new account.,"Wenn Sie diese Funktion aktivieren, müssen die Spieler eine E-Mail-Adresse angeben, um ein neues Konto zu erstellen."
Enabling this feature will send flag and level unlock notifications to all players in the game.  Disabling this option will limit those notifications to team members.,"Wenn Sie diese Funktion aktivieren, werden alle Spieler im Spiel über Flaggen- und Level-Unlock-Benachrichtigungen informiert. Durch Deaktivieren dieser Option werden diese Benachrichtigungen auf Teammitglieder beschränkt."
"Enabling this feature will set the game and scoreboard up for team competitive play.  If this option is disabled, the game is set up for individual competitive play.","Wenn Sie diese Funktion aktivieren, werden das Spiel und die Anzeigetafel für Teamwettbewerbe eingerichtet. Wenn diese Option deaktiviert ist, wird das Spiel für einzelne Pflichtspiele eingerichtet."
"Enabling this feature will set the game to use a money based scoring system.  If this option is disabled, the game uses a points based scoring system.","Wenn Sie diese Funktion aktivieren, verwendet das Spiel ein geldbasiertes Bewertungssystem. Wenn diese Option deaktiviert ist, verwendet das Spiel ein Punktesystem."
"Enabling this option will set the token to be case sensitive.  If this option is disabled, the answer token is case-insensitive.","Wenn Sie diese Option aktivieren, unterscheidet das Token zwischen Groß- und Kleinschreibung. Wenn diese Option deaktiviert ist, wird beim Antwort-Token nicht zwischen Groß- und Kleinschreibung unterschieden."
"Enabling this option will set the token to be case senstive.  If this option is disabled, the answer token is case-insenstive.","Durch Aktivieren dieser Option wird das Token auf Groß- und Kleinschreibung eingestellt. Wenn diese Option deaktiviert ist, wird beim Antwort-Token die Groß- und Kleinschreibung nicht berücksichtigt."
Enabling this setting activates the botnet features.  Teams can run their bot executables on boxes they pwn and are paid for each bot over time.,Durch Aktivieren dieser Einstellung werden die Botnet-Funktionen aktiviert. Teams können ihre Bot-Programme auf von ihnen selbst erstellten Boxen ausführen und werden für jeden Bot im Laufe der Zeit bezahlt.
END SECURE COMMUNIQUE,ENDE SICHERER KOMMUNIKATION
Enter a complex password of,Geben Sie ein komplexes Passwort ein mit
Enter a Matching Flag,Geben Sie eine passende Flagge ein
Enter Choice,Auswahl eingeben
Enter the same password as before,Geben Sie dasselbe Passwort wie zuvor ein
ERROR,ERROR
Expire,Verlopen
Export Game Objects,Spielobjekte exportieren
Export of gameplay settings does not include the entire server and database configuration.,Der Export der Gameplay-Einstellungen umfasst nicht die gesamte Server- und Datenbankkonfiguration.
Export XML,XML exportieren
Export XML,XML exportieren
Failed Attempts,Fehlgeschlagene Versuche
Failed Logins,Fehlgeschlagene Anmeldungen
Failure has a cost. Be careful as penalties are applied when incorrect answers are submitted.,"Misserfolg hat Kosten. Seien Sie vorsichtig, da Strafen verhängt werden, wenn falsche Antworten eingereicht werden."
Federal Reserve,Federal Reserve
Federal Reserve Bank,Federal Reserve Bank
File,Datei
File Description,Dateibeschreibung
File Flag,Datei-Flagge
File Name,Dateiname
File Share,Dateifreigabe
File Sharing,Datenaustausch
File Size,Dateigröße
First Login,Erstes Login
Flag,Flagge
Flag Capture,Flaggeneroberung
Flag Decrease Value,Flaggenwert verringern
Flag Details,Flaggendetails
Flag File,Flaggendatei
Flag Hints,Flaggenhinweise
Flag Minimum Value,Vlag Minimumwaarde
Flag Name,Flaggenname
Flag Penalty,Flaggenstrafe
Flag Penalty % Cost,%-Kosten der Flaggenstrafe
Flag Penalty Cost,Kosten der Flaggenstrafe
Flag Penalty Start,Flaggenstrafe Start
Flag Penalty Stop,Flaggenstrafe Stop
Flag Submission Type,Übermittlungstyp der Flagge
Flag Type,Flaggentyp
Flags,Flaggen
Flags / Boxes / Corp.,Flaggen / Boxen / Konzerne
Flags Captured,Eroberte Flaggen
Flags on,Flaggen auf
for,zum
Forbidden,verboten
"Gain access to the internal New York Federal Reserve banking system, allowing you to transfer funds to/from accounts.","Erhalte Zugriff auf das interne Banksystem der New York Federal Reserve, um Kapital zu/von ihrem Account zu transferieren."
"Gain access to the internal police computer system, allowing you to insert fraudlent arrest warrents for other players.","Erhalte Zugriff auf das interne Computersystem der Polizei, um betrügerische Haftbefehle für andere Spieler einzutragen."
Game,Spiel
Game Control,Spielsteuerung
Game Information,Spielinformationen
Game Level,Spiellevel
Game Levels,Spiellevels
Game Management,Spielverwaltung
Game Materials,Spielmaterialien
Game Metrics,Spielmetriken
Game Name,Spielname
Game Points,Spielpunkte
Game Progress,Spielfortschritt
Garbage File,Mülleimer
Get help with,Holen Sie sich Hilfe bei
Get your registration token from reception,Holen Sie sich Ihren Registrierungs-Token an der Rezeption
Glitch in the Matrix,Glitch in der Matrix
Global Notifications,Globale Benachrichtigungen
Handle,Identifikator
Hide scoreboard during countdown,Scorebord während des Countdowns verbergen
Hint,Hinweis
Hint not yet taken,Hinweis noch nicht genutzt
Hint Taken,Hinweis genutzt
Hints,Hinweise
Hints on,Hinweise auf
Hints Taken,Genutzte Hinweise
History,Historie
Home,Startseite
How should the next level unlock?,Wie soll das nächste Level freigeschaltet werden?
I accept the,Ich akzeptiere die 
"If the flag selection is left empty, the hint will be considered a Box Hint.","Wenn die Flaggen-Auswahl leer gelassen wird, wird der Hinweis berücksichtigt"
"If this option is disabled, there is no cost for submitting incorrect flags.","Wenn diese Option deaktiviert ist, fallen keine Kosten für die Übermittlung falscher Flaggen an."
If you have any questions or need help do not hestitate to ask one of the organizers., Wenn Sie Fragen oder Probleme haben zögern Sie nicht sich an einen der Organisatoren zu wenden.
Import File,Datei importieren
Import XML,XML importieren
Import XML,XML importieren
In Progress,In Bearbeitung
"In this case, the flag is a Date / Time string. This flag type will try to match on common datetime format variations and deal with differences like slashes, dashes, padding, 12hr, 24hr, etc.  It can handle a date, time, or a datetime.","In diesem Fall ist die Flagge eine Datums- / Uhrzeitzeichenfolge. Dieser Flaggentyp versucht, mit gängigen Datums- / Uhrzeit-Formatvariationen übereinzustimmen und behandelt Unterschiede wie Schrägstriche, Bindestriche, Auffüllungen, 12 Stunden, 24 Stunden usw. Er kann ein Datum, eine Uhrzeit oder eine Datums- / Uhrzeitangabe verarbeiten."
"In this case, the flag is a multiple choice question where the selected option is the token.","In diesem Fall ist die Flagge eine Multiple-Choice-Frage, bei der die ausgewählte Option das Token ist."
"In this case, the flag is a regular expression. The user must submit the a string which matches the pattern to capture the flag. Matches can be insensitive. Please be sure to test your regex, and ensure its not too broad.","In diesem Fall ist die Flagge ein regulärer Ausdruck. Der Benutzer muss eine Zeichenfolge übermitteln, die mit dem Muster übereinstimmt, um die Flagge zu erobern. Übereinstimmungen können unempfindlich sein. Bitte stellen Sie sicher, dass Sie Ihren regulären Ausdruck testen, und stellen Sie sicher, dass er nicht zu breit angelegt ist."
"In this case, the flag is a static string. The user must submit the exact token to capture the flag.  Whitespace at the beginning and end are stripped.","In diesem Fall ist die Flagge eine statische Zeichenfolge. Der Benutzer muss das genaue Token senden, um die Flagge zu erobern. Leerzeichen am Anfang und Ende werden entfernt."
Include gameplay settings (such as those under ,Das Einbeziehen von Gameplay-Einstellungen (z. B. beim Exportieren von Gameplay-Einstellungen) umfasst nicht die gesamte Server- und Datenbankkonfiguration.
Income,Einkommen
Incoming Transmission,Eingehende Übertragung
Incorrect,Falsch
Incorrect Penalty,Strafe für falsche Lösung
indicates use by another player,Zeigt die Verwendung durch einen anderen Spieler an
INFO,INFO
Information,Information
Invalid CSRF Token,Ungültiges CSRF-Token
IP Address,IP Adresse
IP Version,IP-Version
It appears you're an unsophisticated script kiddie!,"Es sieht so aus, als wären Sie ein einfaches Skript-Kiddie!"
"It can be visible to all visitors (public), to authenticated users (players), or only to administrators (admins).","Es kann für alle Besucher (öffentlich), für authentifizierte Benutzer (Spieler) oder nur für Administratoren (Administratoren) sichtbar sein."
"It looks like you typed a URL incorrectly, or were attempting to find something you ought not have access to.","Anscheinend haben Sie eine URL falsch eingegeben oder versucht, etwas zu finden, auf das Sie keinen Zugriff haben sollten."
"It's about the money and it's time to cash in on those skills!  This game is set up to use a banking system, so waste no time to build your fortune and buy what you need to win.","Es geht um das Geld und es ist Zeit, diese Fähigkeiten zu nutzen! Dieses Spiel ist für die Verwendung eines Banksystems eingerichtet. Verschwenden Sie also keine Zeit, um Ihr Vermögen aufzubauen und das zu kaufen, was Sie zum Gewinnen benötigen."
Item Cost,Gegenstandskosten
Join Existing Team,Treten Sie dem bestehenden Team bei
Known IP Addresses,Bekannte IP-Adressen
Last Ping,Letzter Ping
Learn,Lernen
Level,Level
Level Name,Level-Name
Level Number,Level-Nummer
Level to put box in?,Level um Box hineinzutun?
Level Unlocked,Level freigeschaltet
Limit number of players that can be on any one team,"Begrenzen Sie die Anzahl der Spieler, die in einem Team sein können"
"Limits the number of attempts to capture a flag.  Once the limit is reached, no further action can be taken on that flag.","Begrenzt die Anzahl der Versuche, eine Flagge zu erobern. Sobald das Limit erreicht ist, kann für dieses Flag keine weitere Aktion ausgeführt werden."
Linux,Linux
Lock,Sperren
Locked,Gesperrt
Locked by,Gesperrt von
Login,Anmeldung
Login Password,Passwort
Logout,Ausloggen
MacOS,Mac OS
Mainframe Console,Mainframe-Konsole
Manage Black Market,Schwarzmarkt verwalten
Manage Categories,Kategorien verwalten
Managed,Verwaltet
Market Objects,Marktobjekte
Max,Max
Max Flag Attempts,Max. Flaggen-Versuche
Max PasteBin Size,Max PasteBin Size
Max Team Size,Maximale Teamgröße
Maximum Flag Attempts,Maximale Flaggen-Versuche
Maximum Penalty,Maximale Strafe
Maximum Penalty is determined as,Die maximale Strafe wird bestimmt als
Min user password length,Min. Länge des Benutzerpassworts
Minimum User Password Length,Minimale Länge des Benutzerpassworts
Mission Progress,Missionsfortschritt
Missions,Missionen
Modifies the way flag submission are made.,"Ändert die Art und Weise, in der die Flaggenübermittlung erfolgt."
Money,Geld
money,Geld
Motto,Motto
Multiple Choice,Mehrfachauswahl
Multiple Choice Flag,Multiple-Choice-Flagge
Must be unique,Muss einzigartig sein
MVP,MVP
MVP - List Top N Payers,MVP - Liste der Top N Zahler
MVP List Top,MVP-Liste Oben
MVP Scoreboard,MVP Anzeiger
MVP Scoreboard,MVP Anzeiger
Name,Name
Never,noch nie
New Bank Account Password,Neues Bankkonto-Passwort
New Bank Password,Neues Bankkennwort
New Box,Neue Box
New Category,Neue Kategorie
New Corporation,Neue Gesellschaft
New Flag,Neue Flagge
New Game Level,Neues Spiellevel
New IP Address,Neue IP-Adresse
New Password,Neues Kennwort
New Team,Neues Team
New Team Member,Neues Teammitglied
New Team Name,Neuer Teamname
No,Nein
No Avatar,Kein Avatar
No Boxes,Keine Boxen
No boxes in this corporation yet,Noch keine Kisten in dieser Firma
No boxes on this level yet,Noch keine Boxen auf diesem Level
No Bribes in Progress,Keine Bestechungsgelder in Bearbeitung
No Completed Bribes,Keine abgeschlossenen Bestechungsgelder
No flags captured yet.,Noch keine Flaggen erfasst.
No flags on this box yet,Noch keine Flaggen auf dieser Box
No further penalty thereafter.,Keine weitere Strafe danach.
No Lock,Keine Sperrung
No name,Kein Name
No Pending Bribes,Keine ausstehenden Bestechungsgelder
No sheep yet - check back later.,Noch keine Schafe - versuchen Sie es später noch einmal.
No Source Code For Sale at This Time,Derzeit steht kein Quellcode zum Verkauf
No Tokens in Database,Keine Token in der Datenbank
No upgrades left.,Keine Upgrades mehr verfügbar.
No Users,Keine Benutzer
None,Keiner
Noob Alert,Noob-Alarm
"Not all options are accessible in the web configuration.  For more, see",In der Webkonfiguration sind nicht alle Optionen verfügbar. Für mehr sehen Sie
Note,Hinweis
Note: Files or documents for the challenge can be placed in the Game Materials.,Hinweis: Dateien oder Dokumente für die Herausforderung können in das Spielmaterial gelegt werden.
Note: Files or documents for the challenge can be placed in the Game Materials.,Hinweis: Dateien oder Dokumente für die Herausforderung können in das Spielmaterial gelegt werden.
NOTE: Max attempts and penalties will not be applied in Single Box mode.,HINWEIS: Maximale Versuche und Strafen werden im Einzelbox-Modus nicht angewendet.
NOTE: This setting is ignored if the box flag submission type is set to Single Box.,"HINWEIS: Diese Einstellung wird ignoriert, wenn der Übertragungstyp für das Box-Flag auf Single Box festgelegt ist."
Notification Message,Benachrichtigungsnachricht
Notifications,Benachrichtigungen
Number of Bots,Anzahl der Bots
Number of Flags,Anzahl der Flaggen
Number of new Level,Nummer des neuen Levels
of Flag Value,des Flaggenwerts
of the flag's value. It will start on the,des Wertes der Flagge. Es beginnt am
Old Password,Altes Passwort
One submission box for any flag.  Compares attempts against all flags in the box.,Eine Einreichungsbox für jede Flagge. Vergleicht Versuche mit allen Flags in der Box.
only,nur
Optional,Wahlweise
Or Choose Existing,Oder wählen Sie Vorhanden
Outcome,Ergebnis
Outcome,Ergebnis
Password,Passwort
Password Cracked,Passwort geknackt
Password Cracking Leaderboard,Leaderboard zum Knacken von Passwörtern
Password Hash,Passwort-Hash
Password Security,Passwort-Sicherheit
Password Upgrade Cost,Kosten für das Passwort-Upgrade
Passwords Cracked,Passwörter geknackt
Paste Name,Name einfügen
Paste Text Here,Hier Text einfügen
PasteBin,PasteBin
Pastebin Character Limit,Zeichenlimit für Pastebin
Pause Registration,Registrierung pausieren
Set Countdown,Aftellen instellen
Penalize the score by this percent of the flag value for each incorrect attempt (applied after dynamic scoring if enabled).,"Bestrafen Sie die Punktzahl für jeden falschen Versuch um diesen Prozentsatz des Flag-Werts (angewendet nach dynamischem Scoring, falls aktiviert)."
Pending,steht aus
Pending Bribes,Ausstehende Bestechungsgelder
per page,per pagina
Plain Text,Einfacher Text
Play Story,Story spielen
player,Spieler
Player,Spieler
Player Alias,Spieler Alias
Player Arrested!,Spieler verhaftet!
Player Email,Spieler E-Mail
Player Name,Spielername
"Player's bank account passwords are also available, allowing you to crack each other's passwords and steal the money.","Passwörter für das Bankkonto des Spielers sind ebenfalls verfügbar, sodass Sie die Passwörter des anderen knacken und das Geld stehlen können."
Players,Spieler
Please do NOT enter your real bank account password.,Bitte geben Sie NICHT Ihr echtes Bankkonto-Passwort ein.
points,Punkte
Points,Punkte
Points Required,Benötigte Punkte
Previous Bribes,Vorherige Bestechungsgelder
Price,Preis
Privacy Policy,Datenschutz Richtlinie
Private,Privatgelände
Programming,Programmierung
Provide the code used to join an existing team.  Visible to other team members on their home page.,"Geben Sie den Code an, mit dem Sie einem vorhandenen Team beitreten. Sichtbar für andere Teammitglieder auf ihrer Homepage."
Public,Öffentlichkeit
Public Team Creation,Öffentliche Teambildung
Public Teams,Öffentliche Teams
Purchase,Kauf
Purchase Unlock,Entsperrung kaufen
Purchased,Gekauft
Rank By,Rang nach
Regex Flag,Regex Flagge
Regex Pattern,Regex-Muster
Register Account,Account registrieren
Registration,Registrierung
Registration Email,Registrierungs-E-Mail
Registration Tokens,Registrierungs-Tokens
Regular Expression,Regulären Ausdruck
Remove,Entfernen
Require Email,E-Mail anfordern
Reset Actions,Aktionen zurücksetzen
Reset Game,Spiel zurücksetzen
Reset Game,Spiel zurücksetzen
Reset player / team starting points / money,Startpunkte / Geld von Spieler / Team zurücksetzen
Restrict players bank password to this length,Beschränken Sie das Passwort der Spielerbank auf diese Länge
Restrict players user password to this length,Beschränken Sie das Benutzerpasswort des Spielers auf diese Länge
Resume Registration,Registrierung fortsetzen
Resume Scoreboard,Anzeiger wieder aufnehmen
Return to Edit,Kehren Sie zu Bearbeiten zurück
Return to Missions,Kehre zu den Missionen zurück
Reward,Belohnung
Role,Rolle
Rules of Engagement: Do not attack the game scoreboard platform.  Do not change the passwords of existing accounts in the network unless specified by a game objective.,"Einsatzregeln: Greife die Plattform des Spielanzeigers nicht an. Ändern Sie die Kennwörter bestehender Konten im Netzwerk nur, wenn dies von einem Spielziel festgelegt wurde."
S.W.A.T,S.W.A.T.
Save,Speichern
Score,Ergebnis
Score Points Earned,Verdiente Spielpunkte
Scoreboard,Anzeigetafel
Scoreboard Rank By,Anzeigetafel Rang nach
Scoreboard Visibility,Sichtbarkeit der Anzeigetafel
Security Breach,Sicherheitslücke
See All,Alles sehen
Select a Theme,Wähle ein Thema
Select Avatar,Wählen Sie Avatar
Select New Avatar,Wählen Sie Neuer Avatar
Send,Senden
Send a global notification to all players,Sende eine globale Benachrichtigung an alle Spieler
Set Countdown Timer,Countdown-Timer einstellen
Set the game countdown timer,Stellen Sie den Countdown-Timer für das Spiel ein
Settings,Einstellungen
Share your team code to allow other players to join,Teilen Sie Ihren Teamcode mit anderen Spielern
Shared Files,Geteilte Dateien
Sheep,Schaf
Show MVP,MVP anzeigen
Since Score,Seit Punktzahl
Single Box,Einzelne Box
Skill Progress,Fähigkeitsfortschritt
Source Code,Quellcode
Source Code Archive,Quellcode-Archiv
Source Code Market,Quellcode-Markt
Special Thanks,Besonderer Dank
Start a New Team,Starte ein neues Team
Start the Game,Starte das Spiel
start with 0 points,Beginnen Sie mit 0 Punkten
Starting Money,Startgeld
Static Flag,Statische Flagge
Static Token,Statisches Token
Statistics,Statistiken
stop on & after,Halt am und nach dem
Stop the Game,Stoppen Sie das Spiel
Stop the game after timer ends,Stoppen Sie das Spiel nach Ablauf des Timers
Story,Geschichte
Story Mode,Geschichtsmodus
Submit,einreichen
Submit a Bug,Senden Sie einen Bug
Submit a Flag,Senden Sie eine Flagge
Submit Bribe,Bestechung übermitteln
Submit Bribes,Bestechungsgelder einreichen
Submit Flag,Flag senden
SUCCESS,ERFOLG
Success!,Erfolg!
Successful,Erfolgreich
Successful Captures,Erfolgreiche Aufnahmen
Successful Registration,Erfolgreiche Registrierung
Successfully created a new account for,Erfolgreich ein neues Konto für erstellt
Summary,Zusammenfassung
Supports,Unterstützt
Switch Level,Ebene wechseln
System Type,Systemtyp
Take,Nehmen
Take Hint,Nimm den Hinweis
Taken,Genommen
Target,Ziel
Target Handle,Zielgriff
Target Management,Zielverwaltung
team,Mannschaft
Team,Mannschaft
Team Avatar,Team Avatar
Team Code,Team Code
Team File Share,Team-Dateifreigabe
Team Information,Mannschaftsinformationen
Team Motto,Team-Motto
Team Name,Teamname
Team PasteBin,Team PasteBin
Team Play,Teamspiel
Team Shares,Teamanteile
Team Sharing,Team-Sharing
Teams,Mannschaften
Test Flag,Testflag
Text Share,Text teilen
The black market is open and you know a guy. Download a target's source code or S.W.A.T. other players by bribing the (in-game) police.,Der Schwarzmarkt ist offen und Sie kennen einen Mann. Laden Sie den Quellcode eines Ziels oder S.W.A.T. andere Spieler durch Bestechung der Polizei (im Spiel).
The black market is open and you know a guy. The following items are available:,Der Schwarzmarkt ist offen und Sie kennen einen Mann. Folgende Artikel werden angeboten:
The cost to take the hint.  Can be >= 0.,Die Kosten für den Hinweis. Kann> = 0 sein.
The deduction is,Der Abzug ist
"The only other possibility is that I messed up some of the code, and that doesn't seem very likely.","Die einzige andere Möglichkeit ist, dass ich einen Teil des Codes durcheinander gebracht habe, und das scheint nicht sehr wahrscheinlich zu sein."
The starting money for a new,Das Startgeld für ein neues
Theme,Thema
There are currently no shared files.,Derzeit sind keine freigegebenen Dateien vorhanden.
"These flags are files, users must submit the exact same file to capture the flag. Only a hash (SHA1) of the file is stored on the server.","Diese Flags sind Dateien. Benutzer müssen genau dieselbe Datei senden, um das Flag zu erfassen. Nur ein Hash (SHA1) der Datei wird auf dem Server gespeichert."
"This game is set up to use dynamic scoring based on speed, meaning as other players capture the flags, the future value of those flags will decrease.  So grab them fast or lose out!","Deze game is opgezet om dynamische scores te gebruiken op basis van snelheid, wat betekent dat als andere spelers de vlaggen veroveren, de toekomstige waarde van die vlaggen zal afnemen. Dus grijp ze snel of verlies ze!"
"This game is set up to use dynamic scoring based on difficulty, meaning as other players capture the flags, the overall value of those flags will decrease and potentially reduce your score.","Deze game is ingesteld om dynamische scores te gebruiken op basis van moeilijkheidsgraad, wat betekent dat als andere spelers de vlaggen veroveren, de totale waarde van die vlaggen zal afnemen en mogelijk uw score zal verlagen."
This is a test flag/string the user could input for credit.,"Dies ist ein Testflag / eine Zeichenfolge, die der Benutzer zur Gutschrift eingeben kann."
This is the amount a player must pay to S.W.A.T. another players account.  Subsequent SWATs of the same player are also increased by this amount each time.,"Dies ist der Betrag, den ein Spieler an S.W.A.T. zahlen muss. Konto eines anderen Spielers. Nachfolgende SWATs desselben Spielers werden jedes Mal um diesen Betrag erhöht."
This is the amount a player must pay to upgrade their bank passwords hashing algorithm,"Dies ist der Betrag, den ein Spieler zahlen muss, um den Hashing-Algorithmus für seine Bankkennwörter zu aktualisieren"
This is the amount awarded for capturing the flag.,"Dies ist der Betrag, der für die Eroberung der Flagge vergeben wird."
This is the amount awarded for completion of the box.,"Dies ist der Betrag, der für das Ausfüllen des Feldes vergeben wird."
This is the amount of money a team is paid per-bot on every interval.  The interval must be set in the .cfg file manually,"Dies ist der Geldbetrag, den ein Team pro Bot in jedem Intervall erhält. Das Intervall muss manuell in der .cfg-Datei festgelegt werden"
This is the box the flag is located on.,"Dies ist die Box, auf der sich die Flagge befindet."
This is the description,Dies ist die Beschreibung
This is the maximum number of players displayed on the MVP list (default 10) with a score > 0.,Dies ist die maximale Anzahl der in der MVP-Liste angezeigten Spieler (Standard 10) mit einer Punktzahl> 0.
This is the message displayed to the user once the box is completed.,"Dies ist die Nachricht, die dem Benutzer angezeigt wird, sobald das Feld ausgefüllt ist."
This is the message displayed to the user once the flag is captured.,"Dies ist die Nachricht, die dem Benutzer angezeigt wird, sobald die Flagge erfasst wurde."
This is the name that will appear in the upper left corner,"Dies ist der Name, der in der oberen linken Ecke angezeigt wird"
This is the the limit of characters allowed for a pastebin post.,Dies ist die maximale Zeichenanzahl für einen Pastebin-Beitrag.
This is what you want the flag to be displayed as.  Leave blank to be named automatically by order #.,"So soll die Flagge angezeigt werden. Lassen Sie das Feld leer, um automatisch nach der Bestellnummer benannt zu werden."
This selection determines the method by which dynamic scoring is applied.,Deze selectie bepaalt de methode waarmee dynamisch scoren wordt toegepast.
This selection determines the method by which the scoreboard is primarily ranked.,"Diese Auswahl bestimmt, nach welcher Methode der Anzeiger in erster Linie eingestuft wird."
This selection determines the visibility of the scoreboard menu and pages.,Diese Auswahl bestimmt die Sichtbarkeit des Scoreboard-Menüs und der Seiten.
"This will also delete associated IP addresses, boxes, and flags.","Dadurch werden auch die zugehörigen IP-Adressen, Boxen und Flags gelöscht."
"This will also delete associated IP addresses, hints, and flags.","Dadurch werden auch die zugehörigen IP-Adressen, Hinweise und Flags gelöscht."
This will also delete boxes and flags associated with this level.,"Dadurch werden auch Boxen und Flags gelöscht, die dieser Ebene zugeordnet sind."
This will delete the player and the associated user account!,Dadurch werden der Player und das zugehörige Benutzerkonto gelöscht!
This will delete the team and any associated user accounts!,Dadurch werden das Team und alle zugehörigen Benutzerkonten gelöscht!
Threshold,Schwelle
Time,Zeit
"Time to create a botnet. By uploading a small bot program to target machines, you can be periodically rewarded for each bot in your botnet; the larger the botnet the larger the reward.","Zeit, ein Botnetz zu erstellen. Durch das Hochladen eines kleinen Bot-Programms auf Zielcomputer können Sie regelmäßig für jeden Bot in Ihrem Botnetzwerk belohnt werden. Je größer das Botnetz desto größer die Belohnung."
to Add,hinzufügen
to Add or Subtract,zu addieren oder zu subtrahieren
"To restore this RTB instance, you may also need the contents under the files directory, to include the rootthebox.cfg.","Zum Wiederherstellen dieser RTB-Instanz benötigen Sie möglicherweise auch den Inhalt im Dateiverzeichnis, um die Datei rootthebox.cfg einzuschließen."
Token,Zeichen
Token Value,Token-Wert
Tools,Werkzeuge
Tools & Upgrades,Tools & Upgrades
Total Cash Stolen,Bargeld gestohlen
Total Users,Benutzer insgesamt
Total Teams,Gesamtteams
Total Boxes,Gesamtboxen
Type,Art
Unknown,Unbekannt
Unlock,Freischalten
Unlock Cost,Freischaltungskosten
Unlock Level,Level freischalten
Unlocks,Entsperrt
Unlocks after,Entsperrt nach
Unlocks for,Entsperrt für
Unlocks at,Ontgrendelt bij
Update Bank Password,Bankpasswort aktualisieren
Update Configuration,Konfiguration aktualisieren
Update Password,Passwort erneuern
Update RootTheBox,Aktualisieren Sie RootTheBox
Upgrade Purchased,Upgrade gekauft
Upgrade to,Upgraden auf
Upload,Hochladen
Upload Avatar,Avatar hochladen
Upload Avatar File,Avatar-Datei hochladen
Upload Files,Daten hochladen
Used,Gebraucht
Used to secure your (in-game) bank account.,Dient zum Sichern Ihres (spielinternen) Bankkontos.
User Handle,Benutzerhandgriff
User Management,Benutzerverwaltung
Users / Teams,Benutzer / Teams
Value,Wert
View,Aussicht
View Box,View Box
View Details,Details anzeigen
Visible,Sichtbar
Visible to Players,Sichtbar für Spieler
Waiting for the game to start‚Ä¶,Warten auf den Start des Spiels
Wall of Sheep,Mauer der Schafe
WARNING,WARNUNG
Welcome,Herzlich willkommen
Welcome to the computer war game where security professionals can practice and learn.,"Willkommen beim Computerkriegsspiel, in dem Sicherheitsexperten üben und lernen können."
Welcome to the Scene,Willkommen in der Szene
What is the name of this box?,Wie heißt diese Kiste?
"What is your Corporation Name?  If you do not plan to use Corporations, just create one with no name.","Wie lautet Ihr Firmenname? Wenn Sie keine Unternehmen verwenden möchten, erstellen Sie einfach ein Unternehmen ohne Namen."
What is your motto?,Was ist dein Motto?
What is your teams motto?,Wie lautet das Motto Ihres Teams?
What type of system is this?,Was für ein System ist das?
Whats the difficulty of the box?,Was ist die Schwierigkeit der Box?
When banking is disabled,Wenn das Banking deaktiviert ist
"When to start applying the penalty.  For example, you may want the first incorrect attempt to be free, but penalize subsequent attempts.","Wann soll die Strafe angewendet werden? Beispielsweise möchten Sie möglicherweise, dass der erste falsche Versuch kostenlos ist, nachfolgende Versuche jedoch bestraft werden."
"When to stop applying the penalty.  For example, you may want to only penalize a certain total of the flags value and allow any further attempts to be free, thus allowing all flags to have some value.","Wann man aufhört, die Strafe anzuwenden. Beispielsweise möchten Sie möglicherweise nur eine bestimmte Summe des Flags-Werts bestrafen und weiteren Versuchen erlauben, frei zu sein, sodass alle Flags einen bestimmten Wert haben."
when using banking.,bei der Verwendung von Banking.
Windows,Windows
With contributions from,Mit Beiträgen von
XML File,XML-Datei
Yes,Ja
You are not on a team,Du bist nicht in einem Team
You do not have access to this level yet.,Sie haben noch keinen Zugriff auf dieses Level.
You do not own this upgrade.,Sie besitzen dieses Upgrade nicht.
You have not submitted any bribes yet.,Sie haben noch keine Bestechungsgelder eingereicht.
"Your email, visible to game administrators.","Deine E-Mail, sichtbar für Spieladministratoren."
"Your handle must be 3-16 alphanumeric characters.  Underscore, dash, and dots allowed.","Ihr Handle muss aus 3 bis 16 alphanumerischen Zeichen bestehen. Unterstreichen, Bindestrich und Punkte sind zulässig."
"Your name, visible to game administrators.  Your name can be 3-64 alphanumeric characters","Dein Name, sichtbar für Spieladministratoren. Ihr Name kann aus 3-64 alphanumerischen Zeichen bestehen"
"Password Reset",Passwort zurücksetzen
"Forgot Password",Passwort vergessen
"Request Password Reset",Zurücksetzung des Passwortes beantragen
"Update Email",E-Mail aktualisieren
"Please check your email for account validation",Bitte bestätigen Sie ihre E-Mail Adresse
Validate Email,E-Mail validieren
"Enabling this feature will require validation of email before the user can access the game.  If this option is disabled, email will not be verified.","Bei Aktivierung dieses Features wird eine Email Validierung erforderlich bevor der Benutzer auf das Spiel zugreifen kann. Bei Deaktivierung ist keine Validierung nötig."
Note: Mail settings must be defined.,Bemerkung: E-Mail Einstellung müssen definiert sein.
Validation,Validierung
