(stop - start) * cost.,(fin - début) * coût.
$,$
A brief description of the box,Une brève description de la boîte
About,À propos
Accept,Acceptez
Accept Bribe?,Accepter un pot-de-vin ?
Accept this bribe?,Accepter ce pot-de-vin ?
Accepted,Accepté
Accepted / In Jail,Accepté / En prison
Account Locked!,Compte bloqué !
Account Password,Mot de passe du compte
Active Bots,Bots Actifs
Add,Ajouter
Add,Ajouter
add,ajouter
Add a Category for Boxes.,Ajouter une catégorie pour les boîtes.
Add Flags,Ajouter des drapeaux
Add Hint,Ajouter un indice
Add IP address,Ajouter une adresse IP
Add IP Address,Ajouter une adresse IP
add some,Ajoute-en
Add Source Code,Ajouter un code source
Add Source Code to Market,Ajouter le code source au marché
Add to Market,Ajouter au marché
Address,Adresse
Admin,Admin
Admin Home,Admin Accueil
Admin Message,Message administrateur
Admin Notes,Notes d'administration
Administrator Panel,Panneau d'administration
Admins,Les admins
All Notifications,Toutes les notifications
and logos in export.,et logos en exportation.
and so on,etc
Apply penalty on attempt,Appliquer une pénalité lors d'une tentative
Are you a Cylon?,Êtes-vous un Cylon ?
Are You Elite,Êtes-vous élite
Are you sure you want to buy this code?,Êtes-vous sûr de vouloir acheter ce code ?
Are you sure you want to delete this box?,Êtes-vous sûr de vouloir supprimer cette case ?
Are you sure you want to delete this category?,Êtes-vous sûr de vouloir supprimer cette catégorie ?
Are you sure you want to delete this corporation?,Êtes-vous sûr de vouloir supprimer cette société ?
Are you sure you want to delete this file?,Êtes-vous sûr de vouloir supprimer ce fichier ?
Are you sure you want to delete this flag?,Êtes-vous sûr de vouloir supprimer ce drapeau ?
Are you sure you want to delete this game level?,Êtes-vous sûr de vouloir supprimer ce niveau de jeu ?
Are you sure you want to delete this hint?,Êtes-vous sûr de vouloir supprimer cet indice ?
Are you sure you want to delete this IP address?,Êtes-vous sûr de vouloir supprimer cette adresse IP ?
Are you sure you want to delete this source code?,Êtes-vous sûr de vouloir supprimer ce code source ?
Are you sure you want to delete this user?,Êtes-vous sûr de vouloir supprimer cet utilisateur ?
Are you sure you want to delete?,Etes-vous sûr que vous voulez supprimer ?
Arrest Player,Arrêter un joueur
attempt,tentative
attempt and continue until the,essayer et continuer jusqu'au
Attempts,Tentatives
Authenticate,Authentifier
Authentication Failure,Échec de l'authentification
Authentication Required,Identification requise
Automatic Ban,Bannissement automatique
Avatar,Avatar
Backup/Restore,Restauration de sauvegarde
Ban IP Address,Interdire l'adresse IP
Bank Account,Compte bancaire
Bank Account Balance,Solde du compte bancaire
Bank Hash Algorithm,Algorithme de hachage bancaire
Bank Password,Mot de passe bancaire
Bank Password Hash,Hachage du mot de passe bancaire
Bank Password Length,Longueur du mot de passe bancaire
Banking System,Système bancaire
Banned IPs,IP bannies
BEGIN SECURE COMMUNIQUE,COMMENCEZ SECURE COMMUNIQUE
Black Market,Marché noir
Bonus reward for those that complete the level.,Bonus de récompense pour ceux qui terminent le niveau.
Bot,Bot
Bot added,Bot ajouté
Bot Reward,Récompense de bot
Botnet,Botnet
Botnet Command & Control,Botnet Command & Control
Botnet Monitor,Moniteur de botnet
Botnet Scored,Botnet marqué
Botnets,Botnets
Bots,Bots
Box,Boîte
Box Difficulty,Difficulté de la boîte
Box Hints,Conseils de boîte
Box Hints Taken,Astuces de boîte prises
Box Name,Nom de la boîte
Boxes,Des boites
Bribe,Pot-de-vin
Bribe Amount,Montant du pot-de-vin
Bribe History,Histoire de corruption
Bribe Pending,Corruption en attente
Bribe Price,Prix ​​du pot-de-vin
Bribes in Progress,Pots de vin en cours
Buy,Acheter
Buy Source Code,Acheter le code source
Buy Upgrade,Acheter une mise à niveau
bytes,octets
Capture Message,Message de capture
Capture Rate,Taux de capture
Captures,Captures
Case-Sensitive,Sensible aux majuscules et minuscules
Cash Stolen,Argent volé
Categories,Catégories
Category,Catégorie
Category box belongs too?,La boîte de catégorie appartient aussi?
Category Name,Nom de catégorie
Change,Changement
Change Avatar,Changer d'avatar
Characters,Personnages
Charts,Graphiques
Chat,Bavarder
Checksum,Somme de contrôle
Choose,Choisir
Choose a name for your new team!,Choisissez un nom pour votre nouvelle équipe!
Choose Avatar,Choisissez un avatar
Classic,Classique
Clear,Réinitialiser
Clear all notifications and game history,Effacer toutes les notifications et l'historique des jeux
Clear all team / player flag captures,Effacer toutes les captures de drapeau d'équipe / de joueur
Clear all team pastebin and file shares,Effacer toutes les tâches de collage et de partage de l'équipe
Clear market items or source code purchases,Effacer les articles du marché ou les achats de code source
Click here to login,Cliquez ici pour vous identifier
Close,Fermer
Command & Control,Commande et contrôle
Complete,Achevée
Complete Bribe,Compléter le pot-de-vin
Complete this bribe?,Compléter ce pot-de-vin ?
Completed,Terminé
Completed Bribes,Pots-de-vin terminés
Completion Message,Message d'achèvement
completion of Level,achèvement du niveau
Completion Reward,Récompense d'achèvement
Configuration,Configuration
Confirm,Confirmer
Confirm Account Password,Confirmer le mot de passe du compte
Confirm New Password,Confirmer le nouveau mot de passe
Confirm Password,Confirmez le mot de passe
Content,Contenu
Content Missing,Contenu manquant
Corporation,société
Corporation box belongs too?,La boîte de corporation appartient aussi ?
Corporation Name,Nom de la société
Corporations,Entreprises
Cost,Coût
Cost to open this level and see flags,Coût pour ouvrir ce niveau et voir les drapeaux
Cracked by,Fissuré par
Create,Créer
Create Box,Créer une boîte
Create Category,Créer une catégorie
Create Corporation,Créer une société
Create Datetime Flag,Créer un indicateur de date / heure
Create File Flag,Créer un drapeau de fichier
Create Flag,Créer un drapeau
Create Game Level,Créer un niveau de jeu
Create Hint,Créer un indice
Create Message,Créer un message
Create Multiple Choice Flag,Créer un indicateur à choix multiples
Create New Paste,Créer un nouveau collage
Create Notification,Créer une notification
Create Regex Flag,Créer un drapeau regex
Create Static Flag,Créer un drapeau statique
Create Team,Créer une équipe
Created,Créé
Current algorithm,Algorithme actuel
Current Bank Account Password,Mot de passe actuel du compte bancaire
Current Bank Password,Mot de passe actuel de la banque
Current Level,Niveau actuel
Current Level,Niveau actuel
CyberChef,CyberChef
Data Points,Points de données
Date,Rendez-vous amoureux
Datetime Flag,Indicateur de date / heure
Datetime Token,Jeton de date / heure
DEBUG,DÉBOGUER
Decline,Déclin
Decline Bribe?,Refuser le pot-de-vin ?
Decline this bribe?,Refuser ce pot-de-vin ?
Declined,Diminué
Decrease All Captures,Diminuer toutes les captures
Decrease flag reward by this percent per capture.,Diminuez la récompense du drapeau de ce pourcentage par capture.
Decrease flag until it reaches this minimum value.,Diminuez l'indicateur jusqu'à ce qu'il atteigne cette valeur minimale.
Decrease Future Captures,Diminuer les captures futures
Decreases the flag value for future captures - this method rewards speed of capture.,Diminue la valeur du drapeau pour les captures futures - cette méthode récompense la vitesse de capture.
Decreases the flag value for past and future team captures - this method rewards difficulty.,Diminue la valeur du drapeau pour les captures d'équipe passées et futures - cette méthode récompense la difficulté.
deduct on & after,déduire sur et après
defaults to,par défaut à
Delete,Effacer
Delete Box,Supprimer la boîte
Delete Category,Supprimer la catégorie
Delete Corporation,Supprimer la société
Delete File Upload,Supprimer le téléchargement de fichier
Delete Flag,Supprimer le drapeau
Delete Game Level,Supprimer le niveau de jeu
Delete Hint,Supprimer un indice
Delete IP Address,Supprimer l'adresse IP
Delete Player,Supprimer le lecteur
Delete Source Code,Supprimer le code source
Delete Team,Supprimer l'équipe
Delete User,Supprimer l'utilisateur
Dependent Flag,Drapeau dépendant
Description,La description
DESCRIPTION,LA DESCRIPTION
Details,Détails
Difficulty,Difficulté
Difficulty Rating,Niveau de difficulté
Disable,Désactiver
Disabling this option will skip the storyline and give the player an instant capture message.,"Si vous désactivez cette option, l'historique sera ignoré et le joueur recevra un message de capture instantanée."
Display Hints Taken,Afficher les astuces prises
Do not delete or modify community flags unless instructed. Do not attack other players unless outlined in the game goals.,"Ne supprimez ni ne modifiez les drapeaux de communauté, à moins d'y être invité. Ne pas attaquer les autres joueurs à moins d’être indiqué dans les objectifs du jeu."
Download,Télécharger
Download File,Télécharger un fichier
Download the command line botnet monitor,Télécharger le moniteur de botnet en ligne de commande
Dynamic Decay Type,Type de décroissance dynamique
Dynamic Scoring,Notation dynamique
Each flag has a submit.  The player will choose the flag they intend to capture.,Chaque drapeau a une soumission. Le joueur choisira le drapeau qu'il a l'intention de capturer.
"Each player will target challenges of varying difficulty and sophistication, attempting to collect flags and win glory.  Good luck!","Chaque joueur ciblera des défis de difficulté et de sophistication variables, en essayant de collecter des drapeaux et de remporter la gloire. Bonne chance!"
Edit,modifier
Edit Access,Modifier l'accès
Edit Account,Modifier le compte
Edit Box,Zone d'édition
Edit Category,Modifier la catégorie
Edit Corporation,Edit Corporation
Edit Flag,Editer le drapeau
Edit Flag,Editer le drapeau
Edit Game Level,Modifier le niveau de jeu
Edit Hint,Modifier l'indice
Edit Level,Niveau d'édition
Edit Market Item,Modifier un élément de marché
Edit Player,Editer le joueur
Edit Team,Edit Team
Edit User,Modifier l'utilisateur
Email,Email
EMPTY,VIDE
Enable,Activer
"Enabling this feature will allow players to create their own teams during registration.  If this option is disabled, the admin must create teams for players to join.","L'activation de cette fonctionnalité permettra aux joueurs de créer leurs propres équipes lors de l'inscription. Si cette option est désactivée, l’administrateur devra créer des équipes que les joueurs pourront rejoindre."
Enabling this feature will allow players to share code (pastebin) and files in-game.  Disabling this feature will remove these options from the Tools Menu.,Activer cette fonctionnalité permettra aux joueurs de partager du code (pastebin) et des fichiers dans le jeu. La désactivation de cette fonctionnalité supprimera ces options du menu Outils.
"Enabling this feature will allow teams to purchase upgrades, such as the Federal Reserve, Source Code Market, or SWAT.","L'activation de cette fonctionnalité permettra aux équipes d'acheter des mises à niveau, telles que la Réserve fédérale, le marché du code source ou le SWAT."
"Enabling this feature will allow the game to display flag or box capture messages that may be added. By default, the game follows the story line of Morris, an employer that assigns missions.","L'activation de cette fonctionnalité permettra au jeu d'afficher les messages de capture de drapeau ou de boîte pouvant être ajoutés. Par défaut, le jeu suit le scénario de Morris, un employeur qui attribue des missions."
"Enabling this feature will apply a penalty for incorrect capture attempts.  The penalty is an instant deduction from the score, not a decrease in the flag value.","L'activation de cette fonctionnalité entraînera une pénalité pour les tentatives de capture incorrectes. La pénalité est une déduction instantanée du score, pas une diminution de la valeur du drapeau."
"Enabling this feature will decrease the reward for a flag based on the number of captures.  If this option is disabled, the flag value remains consistent as other players capture it.","L'activation de cette fonctionnalité réduira la récompense d'un indicateur en fonction du nombre de captures. Si cette option est désactivée, la valeur du drapeau reste cohérente à mesure que les autres joueurs le capturent."
Enabling this feature will display the number of hints taken on the scoreboard by a team or player.  Useful when hints are free.  A lower hint count is used for sorting when scores or flags are equal.  Disabling this option will remove the hint count from the scoreboard.,Activer cette fonctionnalité affichera le nombre de conseils pris sur le tableau de bord par une équipe ou un joueur. Utile quand les indices sont gratuits. Un nombre d'indices inférieur est utilisé pour le tri lorsque les scores ou les drapeaux sont égaux. La désactivation de cette option supprimera le nombre d'indices du tableau de bord.
"Enabling this feature will display the player MVP scoreboard.  Any player that has contributed points to the team will be displayed.  If this option is disabled, the MVP Scoreboard will be hidden.","Activer cette fonctionnalité affichera le tableau de bord du joueur MVP. Tout joueur ayant apporté des points à l’équipe sera affiché. Si cette option est désactivée, le tableau de résultats MVP sera masqué."
Enabling this feature will require players to provide a valid registration token in order to create a new account.  Registration tokens are created in the admin interface.,"Pour activer cette fonctionnalité, les joueurs devront fournir un jeton d'enregistrement valide afin de créer un nouveau compte. Les jetons d'inscription sont créés dans l'interface d'administration."
Enabling this feature will require players to provide an email address in order to create a new account.,Activer cette fonctionnalité obligera les joueurs à fournir une adresse email pour créer un nouveau compte.
Enabling this feature will send flag and level unlock notifications to all players in the game.  Disabling this option will limit those notifications to team members.,L'activation de cette fonctionnalité enverra des notifications de déverrouillage de drapeau et de niveau à tous les joueurs du jeu. Désactiver cette option limitera ces notifications aux membres de l'équipe.
"Enabling this feature will set the game and scoreboard up for team competitive play.  If this option is disabled, the game is set up for individual competitive play.","L'activation de cette fonctionnalité configurera le jeu et le tableau de bord pour un jeu compétitif en équipe. Si cette option est désactivée, le jeu est configuré pour le jeu individuel en compétition."
"Enabling this feature will set the game to use a money based scoring system.  If this option is disabled, the game uses a points based scoring system.","En activant cette fonctionnalité, le jeu utilisera un système de pointage basé sur l'argent. Si cette option est désactivée, le jeu utilise un système de pointage."
"Enabling this option will set the token to be case sensitive.  If this option is disabled, the answer token is case-insensitive.","Si vous activez cette option, le jeton sera sensible à la casse. Si cette option est désactivée, le jeton de réponse respecte la casse."
"Enabling this option will set the token to be case senstive.  If this option is disabled, the answer token is case-insenstive.","Si vous activez cette option, le jeton sera sensible à la casse. Si cette option est désactivée, le jeton de réponse est insensible à la casse."
Enabling this setting activates the botnet features.  Teams can run their bot executables on boxes they pwn and are paid for each bot over time.,L'activation de ce paramètre active les fonctionnalités du botnet. Les équipes peuvent exécuter leurs exécutables de bot sur des boîtes qu'elles sont pwn et sont payées pour chaque bot au fil du temps.
END SECURE COMMUNIQUE,FIN SECURE COMMUNIQUE
Enter a complex password of,Entrez un mot de passe complexe de
Enter a Matching Flag,Entrez un drapeau correspondant
Enter Choice,Entrez le choix
Enter the same password as before,Entrez le même mot de passe qu'avant
ERROR,ERREUR
Expire,Expirer
Export Game Objects,Exporter des objets du jeu
Export of gameplay settings does not include the entire server and database configuration.,L'exportation des paramètres de jeu n'inclut pas la configuration complète du serveur et de la base de données.
Export XML,Export XML
Export XML,Export XML
Failed Attempts,Tentatives infructueuses
Failed Logins,Échec des connexions
Failure has a cost. Be careful as penalties are applied when incorrect answers are submitted.,L'échec a un coût. Faites attention car des pénalités sont appliquées lorsque des réponses incorrectes sont soumises.
Federal Reserve,Réserve fédérale
Federal Reserve Bank,Banque de réserve fédérale
File,Fichier
File Description,description du fichier
File Flag,Indicateur de fichier
File Name,Nom de fichier
File Share,Partage de fichiers
File Sharing,Partage de fichiers
File Size,Taille du fichier
First Login,Première connexion
Flag,Drapeau
Flag Capture,Capture de drapeau
Flag Decrease Value,Valeur de diminution du drapeau
Flag Details,Détails du drapeau
Flag File,Fichier d'indicateur
Flag Hints,Indications de drapeau
Flag Minimum Value,Indiquer la valeur minimale
Flag Name,Nom du drapeau
Flag Penalty,Drapeau peine
Flag Penalty % Cost,Signaler une pénalité en% du coût
Flag Penalty Cost,Indiquer le coût de la pénalité
Flag Penalty Start,Drapeau pénalité début
Flag Penalty Stop,Drapeau Pénalité Stop
Flag Submission Type,Type de soumission de drapeau
Flag Type,Type de drapeau
Flags,Drapeaux
Flags / Boxes / Corp.,Drapeaux / Boites / Soc.
Flags Captured,Drapeaux capturés
Flags on,Drapeaux sur
for,pour
Forbidden,Interdit
Game,Jeu
Game Control,Contrôle du jeu
Game Information,Informations sur le jeu
Game Level,Niveau de jeu
Game Levels,Niveaux de jeu
Game Management,Gestion du jeu
Game Materials,Matériel de jeu
Game Metrics,Métriques de jeu
Game Name,Nom du jeu
Game Progress,Progression du jeu
Garbage File,Fichier de déchets
Get help with,Obtenir de l'aide avec
Get your registration token from reception,Recevez votre jeton d'inscription à la réception
Glitch in the Matrix,Glitch dans la matrice
Global Notifications,Notifications globales
Handle,Identifiant
Hidden,Caché
Hide scoreboard during countdown,Masquer le tableau de bord pendant le compte à rebours
Hint,Indice
Hint not yet taken,Indice non encore pris
Hint Taken,Indice pris
Hints,Indices
Hints on,Indices sur
Hints Taken,Indices pris
History,Historique
Home,Accueil
How should the next level unlock?,Comment le niveau suivant doit-il être déverrouillé?
I accept the,J'accepte
"If the flag selection is left empty, the hint will be considered a Box Hint.","Si la sélection de drapeau est laissée vide, l'indice sera considéré comme un indice de boîte."
"If this option is disabled, there is no cost for submitting incorrect flags.","Si cette option est désactivée, l'envoi d'indicateurs incorrects est gratuit."
Import File,Importer le fichier
Import XML,Importer XML
Import XML,Importer XML
In Progress,En cours
"In this case, the flag is a Date / Time string. This flag type will try to match on common datetime format variations and deal with differences like slashes, dashes, padding, 12hr, 24hr, etc.  It can handle a date, time, or a datetime.","Dans ce cas, l'indicateur est une chaîne de date / heure. Ce type d'indicateur essaiera de correspondre aux variations de format de date / heure courantes et de traiter des différences telles que les barres obliques, les tirets, le remplissage, 12 heures, 24 heures, etc. Il peut gérer une date, une heure ou une date / heure."
"In this case, the flag is a multiple choice question where the selected option is the token.","Dans ce cas, l'indicateur est une question à choix multiples où l'option sélectionnée est le jeton."
"In this case, the flag is a regular expression. The user must submit the a string which matches the pattern to capture the flag. Matches can be insensitive. Please be sure to test your regex, and ensure its not too broad.","Dans ce cas, le drapeau est une expression régulière. L'utilisateur doit soumettre une chaîne qui correspond au modèle pour capturer le drapeau. Les correspondances peuvent être insensibles. Assurez-vous de tester votre expression rationnelle et assurez-vous qu'elle n'est pas trop large."
"In this case, the flag is a static string. The user must submit the exact token to capture the flag.  Whitespace at the beginning and end are stripped.","Dans ce cas, l'indicateur est une chaîne statique. L'utilisateur doit soumettre le jeton exact pour capturer le drapeau. Les blancs au début et à la fin sont supprimés."
Include gameplay settings (such as those under ,Inclure les paramètres de gameplay (tels que ceux sous
Income,le revenu
Incoming Transmission,Transmission entrante
Incorrect,Incorrect
Incorrect Penalty,Pénalité incorrecte
indicates use by another player,indique l'utilisation par un autre joueur
INFO,INFO
Information,Information
Invalid CSRF Token,Jeton CSRF invalide
IP Address,Adresse IP
IP Version,Version IP
It appears you're an unsophisticated script kiddie!,Il semble que tu sois un script-kiddie peu sophistiqué !
"It can be visible to all visitors (public), to authenticated users (players), or only to administrators (admins).","Il peut être visible par tous les visiteurs (public), par les utilisateurs authentifiés (joueurs) ou uniquement par les administrateurs (administrateurs)."
"It looks like you typed a URL incorrectly, or were attempting to find something you ought not have access to.",Il semble que vous ayez mal saisi une URL ou que vous ayez tenté de trouver quelque chose auquel vous ne devriez pas avoir accès.
"It's about the money and it's time to cash in on those skills!  This game is set up to use a banking system, so waste no time to build your fortune and buy what you need to win.",C'est une question d'argent et il est temps de tirer profit de ces compétences ! Ce jeu est conçu pour utiliser un système bancaire. Ne perdez donc pas de temps pour bâtir votre fortune et acheter ce dont vous avez besoin pour gagner.
Item Cost,Le coût de l'objet
Join Existing Team,Rejoindre une équipe existante
Known IP Addresses,Adresses IP connues
Last Ping,Dernier ping
Learn,Apprendre
Level,Niveau
Level Name,Nom du niveau
Level Number,Numéro de niveau
Level to put box in?,Niveau à mettre en boîte ?
Level Locked,Niveau verrouillé
Level Unlocked,Niveau débloqué
Limit number of players that can be on any one team,Limiter le nombre de joueurs pouvant être dans une équipe
"Limits the number of attempts to capture a flag.  Once the limit is reached, no further action can be taken on that flag.","Limite le nombre de tentatives de capture d'un drapeau. Une fois la limite atteinte, aucune action supplémentaire ne peut être entreprise sur ce drapeau."
Linux,Linux
Lock,Fermer à clé
Locked by,Verrouillé par
Login,S'identifier
Login Password,Mot de passe
Logout,Se déconnecter
MacOS,MacOS
Mainframe Console,Console Mainframe
Manage Black Market,Gérer le marché noir
Manage Categories,Gérer les catégories
Managed,Géré
Market Objects,Objets du marché
Max,Max
Max Flag Attempts,Nombre maximal de tentatives de drapeau
Max PasteBin Size,Max PasteBin Taille
Max Team Size,Taille maximale de l'équipe
Maximum Flag Attempts,Nombre maximal de tentatives d'indicateur
Maximum Penalty,Peine maximale
Maximum Penalty is determined as,La peine maximale est déterminée comme suit:
Min user password length,Longueur minimale du mot de passe utilisateur
Minimum User Password Length,Longueur minimale du mot de passe utilisateur
Mission Progress,Progression de la mission
Missions,Missions
Modifies the way flag submission are made.,Modifie la façon dont les drapeaux sont envoyés.
Money,Argent
money,argent
Motto,Devise
Multiple Choice,Choix multiple
Multiple Choice Flag,Drapeau à choix multiples
Must be unique,Doit être unique
MVP,MVP
MVP - List Top N Payers,MVP - List Top N Payers
MVP List Top,MVP List Top
MVP Scoreboard,Tableau de bord MVP
MVP Scoreboard,Tableau de bord MVP
Name,Nom
Never,Jamais
New Bank Account Password,Nouveau mot de passe de compte bancaire
New Bank Password,Nouveau mot de passe bancaire
New Box,Nouvelle boîte
New Category,Nouvelle catégorie
New Corporation,Nouvelle société
New Flag,Nouveau drapeau
New Game Level,Nouveau niveau de jeu
New IP Address,Nouvelle adresse IP
New Password,nouveau mot de passe
New Team,Nouvelle équipe
New Team Member,Nouveau membre de l'équipe
New Team Name,Nouveau nom d'équipe
No,Non
No Avatar,Pas d'avatar
No Boxes,Pas de boîtes
No boxes in this corporation yet,Aucune boîte dans cette société pour le moment
No boxes on this level yet,Aucune case à ce niveau encore
No Bribes in Progress,Pas de pots de vin en cours
No Completed Bribes,Aucun pot-de-vin terminé
No flags captured yet.,Aucun drapeau capturé pour le moment.
No flags on this box yet,Aucun drapeau sur cette boîte pour le moment
No further penalty thereafter.,Aucune autre pénalité par la suite.
No Lock,Aucun verrou
No name,Sans nom
No Pending Bribes,Pas de pots de vin en attente
No sheep yet - check back later.,Pas encore de mouton - revenez plus tard.
No Source Code For Sale at This Time,Pas de code source à vendre en ce moment
No Tokens in Database,Pas de jetons dans la base de données
No upgrades left.,Pas de mises à jour.
No Users,Aucun utilisateur
None,Aucun
Noob Alert,Alerte Noob
"Not all options are accessible in the web configuration.  For more, see","Toutes les options ne sont pas accessibles dans la configuration Web. Pour plus, voir"
Note,Remarque
Note: Files or documents for the challenge can be placed in the Game Materials.,Remarque: les fichiers ou les documents du défi peuvent être placés dans le matériel de jeu.
Note: Files or documents for the challenge can be placed in the Game Materials.,Remarque: les fichiers ou les documents du défi peuvent être placés dans le matériel de jeu.
NOTE: Max attempts and penalties will not be applied in Single Box mode.,REMARQUE: Les tentatives et pénalités maximales ne seront pas appliquées en mode Single Box.
NOTE: This setting is ignored if the box flag submission type is set to Single Box.,REMARQUE: Ce paramètre est ignoré si le type de soumission d'indicateur de boîte est défini sur Boîte unique.
Notification Message,Message de notification
Notifications,Les notifications
Number of Bots,Nombre de Bots
Number of Flags,Nombre de drapeaux
Number of new Level,Nombre de nouveau niveau
of Flag Value,de valeur de drapeau
of the flag's value. It will start on the,de la valeur du drapeau. Il va commencer le
Old Password,ancien mot de passe
One submission box for any flag.  Compares attempts against all flags in the box.,Une boîte de proposition pour n'importe quel drapeau. Compare les tentatives par rapport à tous les drapeaux dans la boîte.
only,seulement
Optional,Optionnel
Or Choose Existing,Ou choisissez un existant
Outcome,Résultat
Outcome,Résultat
Password,Mot de passe
Password Cracked,Mot de passe fissuré
Password Cracking Leaderboard,Classement par mot de passe
Password Hash,Mot de passe hachage
Password Security,Sécurité du mot de passe
Password Upgrade Cost,Coût de mise à niveau du mot de passe
Passwords Cracked,Mots de passe fissurés
Paste Name,Nom de Texte collé
Paste Text Here,Coller le texte ici
PasteBin,PasteBin
Pastebin Character Limit,Pastebin Caractère Limite
Pause Registration,Inscription en pause
Set Countdown,Définir le compte à rebours
Penalize the score by this percent of the flag value for each incorrect attempt (applied after dynamic scoring if enabled).,Pénalisez le score de ce pourcentage de la valeur de l'indicateur pour chaque tentative incorrecte (appliqué après le scoring dynamique s'il est activé).
Pending,en attendant
Pending Bribes,Pots de vin en attente
per page,par page
Plain Text,Texte brut
Play Story,Histoire de jeu
player,joueur
Player,Joueur
Player Alias,Alias ​​du joueur
Player Arrested!,Joueur arrêté!
Player Email,Email du joueur
Player Name,Nom de joueur
"Player's bank account passwords are also available, allowing you to crack each other's passwords and steal the money.","Les mots de passe du compte bancaire du joueur sont également disponibles, ce qui vous permet de déchiffrer les mots de passe de chacun et de voler de l'argent."
Players,Joueurs
Please do NOT enter your real bank account password.,Veuillez ne PAS entrer votre vrai mot de passe de compte bancaire.
points,points
Points,Points
points,points
Previous Bribes,Précédents pots de vin
Price,Prix
Privacy Policy,Politique de confidentialité
Private,Privé
Programming,La programmation
Provide the code used to join an existing team.  Visible to other team members on their home page.,Indiquez le code utilisé pour rejoindre une équipe existante. Visible par les autres membres de l'équipe sur leur page d'accueil.
Public,Publique
Public Team Creation,Création d'équipe publique
Public Teams,Equipes Publiques
Purchase,achat
Purchase Unlock,Achat Débloquer
Purchased,Acheté
Rank By,Classement par
Regex Flag,Drapeau regex
Regex Pattern,Modèle regex
Register Account,Créer un compte
Registration,enregistrement
Registration Email,Email d'inscription
Registration Tokens,Jetons d'inscription
Regular Expression,Expression régulière
Remove,Supprimer
Require Email,Demander un email
Reset Actions,Actions de réinitialisation
Reset Game,Réinitialiser le jeu
Reset Game,Réinitialiser le jeu
Reset player / team starting points / money,Réinitialiser les points de départ du joueur / de l'équipe / de l'argent
Restrict players bank password to this length,Restreindre le mot de passe de la banque des joueurs à cette longueur
Restrict players user password to this length,Restreindre le mot de passe utilisateur du joueur à cette longueur
Resume Registration,Reprendre l'enregistrement
Resume Scoreboard,Reprendre le tableau de bord
Return to Edit,Retour à Modifier
Return to Missions,Retour aux missions
Reward,Récompense
Role,Rôle
Rules of Engagement: Do not attack the game scoreboard platform.  Do not change the passwords of existing accounts in the network unless specified by a game objective.,"Règles d'engagement: Ne pas attaquer la plateforme du tableau de bord du jeu. Ne modifiez pas les mots de passe des comptes existants sur le réseau, sauf indication contraire d'un objectif de jeu."
S.W.A.T,ÉCRASER
Save,sauvegarder
Score,But
Scoreboard,Tableau de score
Scoreboard Rank By,Tableau de classement par
Scoreboard Visibility,Visibilité du tableau de score
Security Breach,Violation de la sécurité
See All,Voir tout
Select a Theme,Sélectionnez un thème
Select Avatar,Sélectionnez un avatar
Select New Avatar,Sélectionnez un nouvel avatar
Send,Envoyer
Send a global notification to all players,Envoyer une notification globale à tous les joueurs
Set Countdown Timer,Régler le compte à rebours
Set the game countdown timer,Définir le compte à rebours du jeu
Settings,Réglages
Share your team code to allow other players to join,Partagez le code de votre équipe pour permettre aux autres joueurs de rejoindre
Shared Files,Fichiers partagés
Sheep,Mouton
Show MVP,Afficher MVP
Since Score,Depuis le score
Single Box,Single Box
Skill Progress,Progression des compétences
Source Code,Code source
Source Code Archive,Archive de code source
Source Code Market,Marché du code source
Special Thanks,Remerciement spécial
Start a New Team,Commencer une nouvelle équipe
Start the Game,Commencer le jeu
start with 0 points,commencer avec 0 points
Starting Money,Argent de départ
Static Flag,Drapeau statique
Static Token,Jeton statique
Statistics,Statistiques
stop on & after,s'arrêter sur et après
Stop the Game,Arrêter le jeu
Stop the game after timer ends,Arrêtez le jeu après la fin du temps
Story,Récit
Story Mode,Mode histoire
Submit,Soumettre
Submit a Bug,Soumettre un bogue
Submit a Flag,Soumettre un drapeau
Submit Bribe,Soumettre un pot-de-vin
Submit Bribes,Soumettre des pots de vin
Submit Flag,Soumettre un drapeau
SUCCESS,SUCCÈS
Success!,Succès!
Successful,Réussi
Successful Captures,Captures réussies
Successful Registration,Inscription réussie
Successfully created a new account for,Création avec succès d'un nouveau compte pour
Summary,Résumé
Supports,Les soutiens
Switch Level,Niveau de commutation
System Type,Type de système
Take,Prendre
Take Hint,Prendre indice
Taken,Pris
Target,Cible
Target Handle,Poignée cible
Target Management,Gestion de la cible
team,équipe
Team,Équipe
Team Avatar,Équipe avatar
Team Code,Code d'équipe
Team File Share,Partage de fichiers d'équipe
Team Information,Informations sur l'équipe
Team Motto,Devise de l'équipe
Team Name,Nom de l'équipe
Team PasteBin,Équipe PasteBin
Team Play,Jeu d'équipe
Team Shares,Actions d'équipe
Team Sharing,Partage d'équipe
Teams,Les équipes
Test Flag,Drapeau d'essai
Text Share,Partage de texte
The black market is open and you know a guy. Download a target's source code or S.W.A.T. other players by bribing the (in-game) police.,Le marché noir est ouvert et vous connaissez un gars. Téléchargez le code source d'une cible ou S.W.A.T. autres joueurs en corrompant la police (dans le jeu).
The cost to take the hint.  Can be >= 0.,Le coût de prendre l'allusion. Peut être> = 0.
The deduction is,La déduction est
"The only other possibility is that I messed up some of the code, and that doesn't seem very likely.","La seule autre possibilité est que j'ai gâché une partie du code, et cela ne semble pas très probable."
The starting money for a new,L'argent de départ pour un nouveau
Theme,Thème
There are currently no shared files.,Il n'y a actuellement aucun fichier partagé.
"These flags are files, users must submit the exact same file to capture the flag. Only a hash (SHA1) of the file is stored on the server.","Ces indicateurs sont des fichiers, les utilisateurs doivent soumettre exactement le même fichier pour capturer l'indicateur. Seul un hachage (SHA1) du fichier est stocké sur le serveur."
"This game is set up to use dynamic scoring based on speed, meaning as other players capture the flags, the future value of those flags will decrease.  So grab them fast or lose out!","Ce jeu est configuré pour utiliser un score dynamique basé sur la vitesse, ce qui signifie que lorsque d'autres joueurs capturent les drapeaux, la valeur future de ces drapeaux diminuera. Alors attrapez-les vite ou perdez-vous !"
"This game is set up to use dynamic scoring based on difficulty, meaning as other players capture the flags, the overall value of those flags will decrease and potentially reduce your score.","Ce jeu est configuré pour utiliser un score dynamique basé sur la difficulté, ce qui signifie que lorsque d'autres joueurs capturent les drapeaux, la valeur globale de ces drapeaux diminuera et réduira potentiellement votre score."
This is a test flag/string the user could input for credit.,Il s'agit d'un indicateur / d'une chaîne de test que l'utilisateur peut saisir pour obtenir un crédit.
This is the amount a player must pay to S.W.A.T. another players account.  Subsequent SWATs of the same player are also increased by this amount each time.,C'est le montant qu'un joueur doit payer à S.W.A.T. un autre compte de joueurs. Les SWAT suivants du même joueur sont également augmentés de ce montant à chaque fois.
This is the amount a player must pay to upgrade their bank passwords hashing algorithm,C'est le montant qu'un joueur doit payer pour améliorer son algorithme de hachage des mots de passe bancaires.
This is the amount awarded for capturing the flag.,C'est le montant alloué pour la capture du drapeau.
This is the amount awarded for completion of the box.,C'est le montant alloué pour l'achèvement de la boîte.
This is the amount of money a team is paid per-bot on every interval.  The interval must be set in the .cfg file manually,C'est le montant d'argent qu'une équipe est payée par bot à chaque intervalle. L'intervalle doit être défini manuellement dans le fichier .cfg
This is the box the flag is located on.,C'est la boîte sur laquelle se trouve le drapeau.
This is the description,C'est la description
This is the maximum number of players displayed on the MVP list (default 10) with a score > 0.,Il s’agit du nombre maximum de joueurs affichés sur la liste des MVP (10 par défaut) avec un score> 0.
This is the message displayed to the user once the box is completed.,Ceci est le message affiché à l'utilisateur une fois la boîte remplie.
This is the message displayed to the user once the flag is captured.,C'est le message affiché à l'utilisateur une fois le drapeau capturé.
This is the name that will appear in the upper left corner,C'est le nom qui apparaîtra dans le coin supérieur gauche
This is the the limit of characters allowed for a pastebin post.,C'est la limite de caractères autorisée pour un poste pastebin.
This is what you want the flag to be displayed as.  Leave blank to be named automatically by order #.,C'est ce que vous voulez que le drapeau soit affiché. Laisser en blanc pour être nommé automatiquement par le numéro de commande.
This selection determines the method by which dynamic scoring is applied.,Cette sélection détermine la méthode d'application de la notation dynamique.
This selection determines the method by which the scoreboard is primarily ranked.,Cette sélection détermine la méthode de classement du tableau de bord.
This selection determines the visibility of the scoreboard menu and pages.,Cette sélection détermine la visibilité du menu et des pages du tableau de bord.
"This will also delete associated IP addresses, boxes, and flags.","Cela supprimera également les adresses IP, les zones et les drapeaux associés."
"This will also delete associated IP addresses, hints, and flags.","Cela supprimera également les adresses IP, les astuces et les indicateurs associés."
This will also delete boxes and flags associated with this level.,Cela supprimera également les cases et les drapeaux associés à ce niveau.
This will delete the player and the associated user account!,Cela supprimera le joueur et le compte d'utilisateur associé!
This will delete the team and any associated user accounts!,Cela supprimera l'équipe et tous les comptes d'utilisateurs associés!
Threshold,Seuil
Time,Temps
"Time to create a botnet. By uploading a small bot program to target machines, you can be periodically rewarded for each bot in your botnet; the larger the botnet the larger the reward.","Il est temps de créer un botnet. En téléchargeant un petit programme de bot sur des machines cibles, vous pouvez être périodiquement récompensé pour chaque bot de votre botnet; plus le botnet est grand, plus la récompense est grande."
to Add,ajouter
to Add or Subtract,ajouter ou soustraire
"To restore this RTB instance, you may also need the contents under the files directory, to include the rootthebox.cfg.","Pour restaurer cette instance RTB, vous aurez peut-être également besoin du contenu situé dans le répertoire 'files', afin d'inclure rootthebox.cfg."
Token,Jeton
Token Value,Valeur du jeton
Tools,Outils
Tools & Upgrades,Outils et mises à niveau
Total Cash Stolen,Total des espèces volées
Total Users,Nombre total d'utilisateurs
Total Teams,Total des équipes
Total Boxes,Nombre total de boîtes
Type,Type
Unknown,Inconnu
Unlock,Ouvrir
Unlock Cost,Débloquer le coût
Unlock Level,Niveau de déblocage
Unlocks,Déverrouille
Unlocks after,Déverrouille après
Unlocks for,Déverrouille pour
Unlocks at,Se débloque à
Update Bank Password,Mettre à jour le mot de passe de la banque
Update Configuration,Mise à jour de la configuration
Update Password,Mettre à jour le mot de passe
Update RootTheBox,Mettre à jour RootTheBox
Upgrade Purchased,Mise à niveau achetée
Upgrade to,Mise à niveau vers
Upload,Télécharger
Upload Avatar,Télécharger l'avatar
Upload Avatar File,Télécharger un fichier d'avatar
Upload Files,Télécharger des fichiers
Used,Utilisé
Used to secure your (in-game) bank account.,Utilisé pour sécuriser votre compte bancaire (en jeu).
User Handle,Poignée de l'utilisateur
User Management,Gestion des utilisateurs
Users / Teams,Utilisateurs / équipes
Value,Valeur
View,Vue
View Box,Voir la boîte
View Details,Voir les détails
Visible,Visible
Visible to Players,Visible pour les joueurs
Waiting for the game to start‚Ä¶,En attendant que le jeu commence…
Wall of Sheep,Mur de mouton
WARNING,ATTENTION
Welcome,Bienvenue
Welcome to the computer war game where security professionals can practice and learn.,Bienvenue dans le jeu de guerre informatique où les professionnels de la sécurité peuvent s'exercer et apprendre.
Welcome to the Scene,Bienvenue sur la scène
What is the name of this box?,Quel est le nom de cette boîte ?
"What is your Corporation Name?  If you do not plan to use Corporations, just create one with no name.","Quel est votre nom de société ? Si vous n'envisagez pas d'utiliser des sociétés, créez-en une sans nom."
What is your motto?,Quelle est votre devise?
What is your teams motto?,Quelle est la devise de votre équipe ?
What type of system is this?,De quel type de système s'agit-il ?
Whats the difficulty of the box?,Quelle est la difficulté de la boîte ?
When banking is disabled,Quand la banque est désactivée
"When to start applying the penalty.  For example, you may want the first incorrect attempt to be free, but penalize subsequent attempts.","Quand commencer à appliquer la pénalité. Par exemple, vous voudrez peut-être que la première tentative incorrecte soit libre, tout en pénalisant les tentatives suivantes."
"When to stop applying the penalty.  For example, you may want to only penalize a certain total of the flags value and allow any further attempts to be free, thus allowing all flags to have some value.","Quand arrêter d'appliquer la pénalité. Par exemple, vous souhaiterez peut-être ne pénaliser qu'un certain total de la valeur des indicateurs et permettre à toute tentative ultérieure d'être libre, permettant ainsi à tous les indicateurs d'avoir une certaine valeur."
when using banking.,lors de l'utilisation de la banque.
Windows,les fenêtres
With contributions from,Avec les contributions de
XML File,Fichier XML
Yes,Oui
You are not on a team,Vous n'êtes pas dans une équipe
You do not have access to this level yet.,Vous n'avez pas encore accès à ce niveau.
You do not own this upgrade.,Vous ne possédez pas cette mise à jour.
You have not submitted any bribes yet.,Vous n'avez pas encore soumis de pots-de-vin.
"Your email, visible to game administrators.","Votre email, visible par les administrateurs du jeu."
"Your handle must be 3-16 alphanumeric characters.  Underscore, dash, and dots allowed.","Votre pseudo doit être composé de 3 à 16 caractères alphanumériques. Soulignement, tiret et points autorisés."
"Your name, visible to game administrators.  Your name can be 3-64 alphanumeric characters","Votre nom, visible par les administrateurs du jeu. Votre nom doit être composé de 3 à 64 caractères alphanumériques"
"Password Reset",Réinitialisation du mot de passe
"Forgot Password",Mot de passe oublié
"Request Password Reset",Demander la réinitialisation du mot de passe
"Update Email",Mettre à jour l'e-mail
"Please check your email for account validation",Veuillez vérifier votre email pour la validation du compte
Validate Email,Email validé
"Enabling this feature will require validation of email before the user can access the game.  If this option is disabled, email will not be verified.","L'activation de cette fonctionnalité nécessitera la validation de l'e-mail avant que l'utilisateur puisse accéder au jeu. Si cette option est désactivée, l'e-mail ne sera pas vérifié."
Note: Mail settings must be defined.,Remarque: les paramètres de messagerie doivent être définis.
Validation,Validation